{
  "project_info": {
    "project_number": "684446974160",
    "project_id": "ecom-kcks",
    "storage_bucket": "ecom-kcks.appspot.com"
  },
  "client": [
    {
      "client_info": {
        "mobilesdk_app_id": "1:684446974160:android:b15ebd815014b65ad31ed5",
        "android_client_info": {
          "package_name": "com.ecom.ulearning"
        }
      },
      "oauth_client": [
        {
          "client_id": "684446974160-1cqbaakqi4960oc99gbr9unj7h15dmoo.apps.googleusercontent.com",
          "client_type": 1,
          "android_info": {
            "package_name": "com.ecom.ulearning",
            "certificate_hash": "fa07be49f7244d74e152e5ecadb22aefdb951adc"
          }
        },
        {
          "client_id": "684446974160-sb61ui7ogdgoeatj0dq2lngrktec7hkh.apps.googleusercontent.com",
          "client_type": 3
        }
      ],
      "api_key": [
        {
          "current_key": "AIzaSyA0SDClYHW4iNI1UgalPoYPHEiPUuqswps"
        }
      ],
      "services": {
        "appinvite_service": {
          "other_platform_oauth_client": [
            {
              "client_id": "684446974160-sb61ui7ogdgoeatj0dq2lngrktec7hkh.apps.googleusercontent.com",
              "client_type": 3
            },
            {
              "client_id": "684446974160-mipb74cuc4113jfn9uccgurdk63h3sqr.apps.googleusercontent.com",
              "client_type": 2,
              "ios_info": {
                "bundle_id": "com.ecom.ulearning"
              }
            }
          ]
        }
      }
    }
  ],
  "configuration_version": "1"
}